X_Type,Y_Type,Num_Entries_X,Num_Entries_Y,Normalized Range (X),Normalized Range (Y),Num_Unique_X,Num_Unique_Y,Has_None_X,Num_None_X,Percentage_None_X,Has_None_Y,Num_None_Y,Percentage_None_Y,Normalized Mean (X),Normalized Median (X),Sample Variance (X),Sample Standard Deviation (X),Coefficient of Variation (X),Minimum Value (X),Maximum Value (X),Normalized Mean (Y),Normalized Median (Y),Sample Variance (Y),Sample Standard Deviation (Y),Coefficient of Variation (Y),Minimum Value (Y),Maximum Value (Y),Mean C (X),Median C (X),Min C (X),Max C (X),Std C (X),Unique C (X),Mean C (Y),Median C (Y),Min C (Y),Max C (Y),Std C (Y),Unique C (Y),Num Identical Elements,Has Shared Elements,Percent Shared Elements,Identical,Num Shared Unique Elements,Has Shared Unique Elements,Percent Shared Unique Elements,Identical Unique,Correlation Value,Correlation P,Ks Statistic,Ks P,Correlation Significant 005,Ks Significant 005,Q Entropy (X),Q Entropy (Y),C Entropy (X),C Entropy (Y),Perc Mode (X),Perc Mode (Y),Kurtosis (X),Skewness (X),Kurtosis (Y),Skewness (Y),% Outliers (1.5 IQR) (X),% Outliers (3 IQR) (X),% Outliers (1-99 Percentile) (X),% Outliers (3 Std Dev) (X),Has Outliers (1.5 IQR) (X),Has Outliers (3 IQR) (X),Has Outliers (1-99 Percentile) (X),Has Outliers (3 Std Dev) (X),% Outliers (1.5 IQR) (Y),% Outliers (3 IQR) (Y),% Outliers (1-99 Percentile) (Y),% Outliers (3 Std Dev) (Y),Has Outliers (1.5 IQR) (Y),Has Outliers (3 IQR) (Y),Has Outliers (1-99 Percentile) (Y),Has Outliers (3 Std Dev) (Y),Sortedness (X),Is Sorted (X),Sortedness (Y),Is Sorted (Y),Plot_Type
d,q,4143,4143,,5.625371421008536,4143,1631,False,0,0.0,False,0,0.0,,,,,,,,0.17775023136305276,0.006669630947087594,6016766.712409469,2452.9098459603993,0.000332205227029168,1.0,11245.0,19.0,19.0,19.0,19.0,0.0,4143.0,,,,,,,0,False,0.0,0.0,0,False,0.0,False,0.0,0.0,0.0,0.0,False,False,,7.480733873411765,8.3291754420774,,0.0002413709872073377,,,,-1.0907367308990648,0.681593019961558,,,,,,,,,0.9512430605841178,0.9512430605841178,0.9512430605841178,0.9512430605841178,True,True,True,True,,,0.8517403447288082,False,bar
c,q,101,101,,3.7595098139745176,101,99,False,0,0.0,False,0,0.0,,,,,,,,0.29571187914925057,0.24897352945461282,0.006224266130702488,0.0788940183455152,14.209550022661602,-0.033417669536167954,0.29908849516977387,9.425742574257425,9.0,3.0,20.0,4.508180758966322,101.0,,,,,,,0,False,0.0,0.0,0,False,0.0,False,0.0,0.0,0.0,0.0,False,False,,4.235228937681925,4.6151205168412615,,0.009900990099009901,,,,0.4956219160704767,1.041882096542846,,,,,,,,,0.9801980198019802,0.9801980198019802,0.9801980198019802,0.9801980198019802,True,True,True,False,,False,0.8240766238532132,False,bar
q,c,22,22,6.138582258279027,,22,22,False,0,0.0,False,0,0.0,0.1618242079889807,0.09588068181818182,212934.53925619836,461.4483061581203,0.0016050600737042172,14.0,2112.0,,,,,,,,,,,,,,11.090909090909092,7.0,4.0,27.0,7.391082408791944,22.0,0,False,0.0,0.0,0,False,0.0,False,0.0,0.0,0.0,0.0,False,False,2.4477460948805327,,,3.0910424533583156,,0.045454545454545456,7.1375270480249355,2.617824879276468,,,0.9545454545454546,0.9545454545454546,0.9545454545454546,0.9545454545454546,True,True,True,True,,,,,,,,,0.4317163608181023,False,,False,bar
q,q,7,7,1.5,1.1059999999999999,7,6,False,0,0.0,False,0,0.0,0.5714285714285714,0.5714285714285714,4.0,2.0,1.0,1.0,7.0,0.670690811535882,0.6713615023474179,2992.9795918367345,54.70813094812082,0.04773074405411303,55.0,213.0,,,,,,,,,,,,,0,False,0.0,0.0,0,False,0.0,False,-0.6188685716433862,0.13841381543767867,1.0,0.0005827505827505828,False,True,1.809117864013425,1.865705502227088,,,,,-1.25,0.0,-1.3002446142607804,-0.2990449773488997,0.8571428571428571,0.8571428571428571,0.8571428571428571,0.8571428571428571,True,True,True,False,0.8571428571428571,0.8571428571428571,0.8571428571428571,0.8571428571428571,True,True,True,False,1.0,True,0.5299612699105392,False,bar
c,q,4,4,,2.8902103765164293,4,4,False,0,0.0,False,0,0.0,,,,,,,,0.3435460311250356,0.18355221423437848,834.9449353274742,28.895413742105756,0.029942094313315088,0.5151926808906341,72.77045209380137,4.0,4.0,4.0,4.0,0.0,4.0,,,,,,,0,False,0.0,0.0,0,False,0.0,False,0.0,0.0,0.0,0.0,False,False,,0.7182305356200941,1.3862943611198906,,0.25,,,,-0.9295630791688274,0.8770685099084138,,,,,,,,,0.75,0.75,0.75,0.75,True,True,True,False,,True,0.6752952023354237,False,bar
c,q,62,62,,22.28254080347937,62,35,False,0,0.0,False,0,0.0,,,,,,,,0.04487817043923198,2.352016181871331e-06,196121461936.38293,442856.02845211775,6.810323724766763e-07,1.0,2976170.0,3.7903225806451615,3.0,2.0,10.0,1.1932214024633343,62.0,,,,,,,0,False,0.0,0.0,0,False,0.0,False,0.0,0.0,0.0,0.0,False,False,,1.9975962393691797,4.127134385045092,,0.016129032258064516,,,,25.941303720967873,4.845213221306872,,,,,,,,,0.9354838709677419,0.9354838709677419,0.9354838709677419,0.9354838709677419,True,True,True,True,,False,0.09096039696571606,False,bar
q,q,5,5,1.8604651162790697,1.3333333333333333,5,5,False,0,0.0,False,0,0.0,0.5180722891566264,0.5180722891566264,2.0000000000000004,1.4142135623730951,1.0749999999999997,0.15,4.15,0.6,0.6,2.0,1.4142135623730951,1.5,1.0,5.0,,,,,,,,,,,,,0,False,0.0,0.0,0,False,0.0,False,1.0,0.0,0.2,1.0,True,False,1.347730739676583,1.4897503188505912,,,,,-1.3,3.7682219008410586e-16,-1.3,0.0,0.8,0.8,0.8,0.8,True,True,True,False,0.8,0.8,0.8,0.8,True,True,True,False,1.0,True,1.0,True,bar
q,q,10,10,1.0637406919460346,3.04,10,8,False,0,0.0,False,0,0.0,0.6527967609196177,0.6527967609196177,3225.7214227721865,56.795434876160485,0.05186403874416873,78.31759529851323,256.28028639859036,0.32894736842105265,0.1924342105263158,11965.6,109.38738501308092,0.008357290900581666,0.0,304.0,,,,,,,,,,,,,0,False,0.0,0.0,0,False,0.0,False,0.4592742710030656,0.1817807470380548,0.6,0.05244755244755244,False,False,2.2427741014511926,1.659104586854381,,,,,-1.2242424242424241,1.7156694557333232e-15,-1.0388271560662843,0.7541879359215748,0.9,0.9,0.9,0.9,True,True,True,False,0.7,0.7,0.7,0.7,True,True,True,False,1.0,True,0.22944106438456902,False,bar
c,q,207,207,,23.760478242512825,207,178,False,0,0.0,False,0,0.0,,,,,,,,0.04208654481507523,0.0029860969892864407,1.750443874692023,1.3230434137593607,0.2759824490371676,4.095103034839908e-05,11.478532855625915,17.17874396135266,17.0,3.0,39.0,7.696660444455514,207.0,,,,,,,0,False,0.0,0.0,0,False,0.0,False,0.0,0.0,0.0,0.0,False,False,,3.7248871180935708,5.33271879326537,,0.004830917874396135,,,,29.437264118529576,4.907834596932485,,,,,,,,,0.966183574879227,0.966183574879227,0.966183574879227,0.966183574879227,True,True,True,True,,False,0.13294847548880165,False,bar
c,q,13,13,,4.094863015592935,13,13,False,0,0.0,False,0,0.0,,,,,,,,0.2411383937801028,0.09989422760139412,1151888611.0059168,33939.48454243106,2.4145897745352175e-05,1450.0,115342.0,26.153846153846153,21.0,8.0,76.0,18.5300012613481,13.0,,,,,,,0,False,0.0,0.0,0,False,0.0,False,0.0,0.0,0.0,0.0,False,False,,1.9432637313551218,2.564949357461537,,0.07692307692307693,,,,1.0316745000606238,1.4933390476017525,,,,,,,,,0.9230769230769231,0.9230769230769231,0.9230769230769231,0.9230769230769231,True,True,True,False,,False,0.5294582882387048,False,bar
q,q,18,18,0.008485150985774894,1.3675366464068646,18,17,False,0,0.0,False,0,0.0,0.9957753479125249,0.9957753479125249,26.916666666666668,5.188127472091127,74.43343653250774,1995.0,2012.0,0.5787295675563832,0.46461824953445063,22701.728395061727,150.67092750448484,0.013689608666333123,112.0,537.0,,,,,,,,,,,,,0,False,0.0,0.0,0,False,0.0,False,0.9114039456113215,1.441189874630965e-07,1.0,2.2038238923005368e-10,True,True,2.890368405051316,2.769467552051567,,,,,-1.2074303405572755,0.0,-1.5532533404004625,0.19450483672451732,0.9444444444444444,0.9444444444444444,0.9444444444444444,0.9444444444444444,True,True,True,False,0.9444444444444444,0.9444444444444444,0.9444444444444444,0.9444444444444444,True,True,True,False,1.0,True,0.9595087120140962,False,bar
q,q,5,5,1.8390804597701151,0.5102040816326531,5,4,False,0,0.0,False,0,0.0,0.5209580838323353,0.5209580838323353,1.9999999999999996,1.414213562373095,1.0875000000000001,0.175,4.175,0.84,0.8571428571428571,31.439999999999998,5.607138307550474,0.935114503816794,20.0,35.0,,,,,,,,,,,,,0,False,0.0,0.0,0,False,0.0,False,0.3531032906137228,0.5599404649048981,1.0,0.007936507936507936,False,True,1.3557390395931717,1.590347371762952,,,,,-1.2999999999999996,2.512147933894041e-16,-1.0155876697162174,-0.5592652955203009,0.8,0.8,0.8,0.8,True,True,True,False,0.8,0.8,0.8,0.8,True,True,True,False,1.0,True,0.5928753180661578,False,bar
q,q,4,4,1.2,2.0,4,4,False,0,0.0,False,0,0.0,0.625,0.625,1.25,1.118033988749895,2.0,1.0,4.0,0.46875,0.40625,32.25,5.678908345800274,0.23255813953488372,1.0,16.0,,,,,,,,,,,,,1,True,0.25,0.25,2,True,0.5,False,0.9843740386976971,0.01562596130230287,0.5,0.7714285714285716,True,False,1.2798542258336676,1.078476775117421,,,,,-1.36,0.0,-1.278889489814314,0.4095120494537785,0.75,0.75,0.75,0.75,True,True,True,False,0.75,0.75,0.75,0.75,True,True,True,False,1.0,True,1.0,True,bar
q,q,4,4,1.2,1.894736842105263,4,4,False,0,0.0,False,0,0.0,0.625,0.625,1.25,1.118033988749895,2.0,1.0,4.0,0.475,0.4,1118.75,33.44772040064913,0.042458100558659215,10.0,100.0,,,,,,,,,,,,,0,False,0.0,0.0,0,False,0.0,False,-0.1671315676162189,0.8328684323837812,1.0,0.028571428571428577,False,True,1.2798542258336676,1.1355506971603728,,,,,-1.36,0.0,-1.06881807683905,0.5787402450023369,0.75,0.75,0.75,0.75,True,True,True,False,0.75,0.75,0.75,0.75,True,True,True,False,1.0,True,0.3631284916201116,False,bar
c,q,6,6,,0.9863013698630138,6,4,False,0,0.0,False,0,0.0,,,,,,,,0.6083333333333333,0.6,16.13888888888889,4.017323597731316,0.7538726333907056,8.0,20.0,5.166666666666667,5.5,3.0,7.0,1.3437096247164249,6.0,,,,,,,0,False,0.0,0.0,0,False,0.0,False,0.0,0.0,0.0,0.0,False,False,,1.7402154496433337,1.791759469228055,,0.16666666666666666,,,,-0.2046741181593843,0.8651572790123147,,,,,,,,,0.6666666666666666,0.6666666666666666,0.6666666666666666,0.6666666666666666,True,True,True,False,,False,0.9999999999999998,True,bar
c,q,3,3,,0.47368421052631576,3,3,False,0,0.0,False,0,0.0,,,,,,,,0.8260869565217391,0.8695652173913043,14.0,3.7416573867739413,1.3571428571428572,14.0,23.0,9.0,9.0,9.0,9.0,0.0,3.0,,,,,,,0,False,0.0,0.0,0,False,0.0,False,0.0,0.0,0.0,0.0,False,False,,1.07852819674571,1.0986122886681096,,0.3333333333333333,,,,-1.5,-0.3818017741606063,,,,,,,,,0.6666666666666666,0.6666666666666666,0.6666666666666666,0.6666666666666666,True,True,True,False,,True,0.1428571428571429,False,bar
q,q,19,19,1.8,4.609835653749025,19,19,False,0,0.0,False,0,0.0,0.5263157894736842,0.5263157894736842,30.0,5.477225575051661,0.3333333333333333,1.0,19.0,0.2140313900253952,0.13692966137236134,0.0017149031639224377,0.041411389302007696,23.212297313752902,0.002483,0.185986,,,,,,,,,,,,,0,False,0.0,0.0,0,False,0.0,False,0.38316181395604976,0.10538750532382508,1.0,5.6584667505013764e-11,False,True,2.7749844180583527,2.5464219910070662,,,,,-1.2066666666666668,0.0,5.491073432869953,2.350386920704245,0.9473684210526315,0.9473684210526315,0.9473684210526315,0.9473684210526315,True,True,True,False,0.9473684210526315,0.9473684210526315,0.9473684210526315,0.9473684210526315,True,True,True,True,0.9999999999999999,True,0.8326638636082073,False,bar
c,q,10,10,,1.121672966118877,10,10,False,0,0.0,False,0,0.0,,,,,,,,0.5867356932746407,0.5129470579097465,6189008.929356001,2487.7718804898495,0.0011412243996770169,4115.44,12037.87,25.3,27.0,9.0,39.0,11.03675676999362,10.0,,,,,,,0,False,0.0,0.0,0,False,0.0,False,0.0,0.0,0.0,0.0,False,False,,2.2433789746414003,2.3025850929940455,,0.1,,,,-0.6946620299401394,0.7184069405746561,,,,,,,,,0.9,0.9,0.9,0.9,True,True,True,False,,False,0.8611312891575629,False,bar
q,c,51,51,1.522808683627397,,50,51,False,0,0.0,False,0,0.0,0.4781159264437036,0.4401787527930124,4945674.364475201,2223.887219369544,0.0014277717450158795,4016.0,14769.0,,,,,,,,,,,,,,8.666666666666666,8.0,4.0,20.0,3.0464808799061887,51.0,0,False,0.0,0.0,0,False,0.0,False,0.0,0.0,0.0,0.0,False,False,3.885686020983799,,,3.9318256327243253,,0.0196078431372549,1.214915402243621,1.132884235863405,,,0.9803921568627451,0.9411764705882353,0.9803921568627451,0.9803921568627451,True,True,True,True,,,,,,,,,0.994903536075597,False,,False,bar
d,q,500,500,,4.195804195804196,500,7,False,0,0.0,False,0,0.0,,,,,,,,0.20428571428571426,0.14285714285714285,0.6491,0.8056674251823763,2.203050377445694,1.0,7.0,19.0,19.0,19.0,19.0,0.0,500.0,,,,,,,0,False,0.0,0.0,0,False,0.0,False,0.0,0.0,0.0,0.0,False,False,,6.09177512219437,6.214608098422188,,0.002,,,,8.697306375482015,2.5339552337749214,,,,,,,,,0.294,0.294,0.294,0.294,True,True,True,True,,,0.02018179017100601,False,bar
c,q,10,10,,1.1199978250230516,10,10,False,0,0.0,False,0,0.0,,,,,,,,0.5872797116149688,0.5135846663229208,6328198896.213776,79549.97734892057,3.572879925365134e-05,131763.3,384993.63,25.3,27.0,9.0,39.0,11.03675676999362,10.0,,,,,,,0,False,0.0,0.0,0,False,0.0,False,0.0,0.0,0.0,0.0,False,False,,2.2434903775372677,2.3025850929940455,,0.1,,,,-0.6998273062358389,0.7155449712973618,,,,,,,,,0.9,0.9,0.9,0.9,True,True,True,False,,False,0.8619196318834772,False,bar
c,q,24,24,,6.30071599045346,24,22,False,0,0.0,False,0,0.0,,,,,,,,0.27278645833333337,0.1953125,6.604149305555556,2.5698539463470595,0.2643540072397667,-4.6,6.4,7.0,7.0,7.0,7.0,0.0,24.0,,,,,,,0,False,0.0,0.0,0,False,0.0,False,0.0,0.0,0.0,0.0,False,False,,2.589060225294755,3.1780538303479453,,0.041666666666666664,,,,-0.15373148131164527,-0.0585509128417405,,,,,,,,,0.9583333333333334,0.9583333333333334,0.9583333333333334,0.9583333333333334,True,True,True,False,,False,0.6167865846124726,False,bar
c,q,12,12,,0.75,12,10,False,0,0.0,False,0,0.0,,,,,,,,0.6933333333333332,0.66,12.555555555555557,3.5433819375782165,1.3805309734513271,12.0,25.0,6.166666666666667,6.5,3.0,9.0,1.8633899812498247,12.0,,,,,,,0,False,0.0,0.0,0,False,0.0,False,0.0,0.0,0.0,0.0,False,False,,2.4645514868320575,2.484906649788001,,0.08333333333333333,,,,-0.3148249667162659,0.6235397614330225,,,,,,,,,0.9166666666666666,0.9166666666666666,0.9166666666666666,0.9166666666666666,True,True,True,False,,False,0.4336283185840708,False,bar
q,q,62,62,1.0082644628099173,4.287234042553192,62,12,False,0,0.0,False,0,0.0,0.6648351648351648,0.6648351648351648,320.25,17.89553016817328,0.18891491022638562,30.0,91.0,0.23325062034739455,0.15384615384615385,9.740894901144644,3.1210406759836764,0.31129152868283294,0.0,13.0,,,,,,,,,,,,,0,False,0.0,0.0,0,False,0.0,False,-0.09818456707932358,0.44772712040755946,1.0,1.3150943098036518e-36,False,True,4.082142585132544,3.5690065159399,,,,,-1.200624512099922,0.0,0.5947818628180714,1.0714334041605857,0.9838709677419355,0.967741935483871,0.9838709677419355,0.9838709677419355,True,True,True,False,0.7258064516129032,0.7258064516129032,0.7258064516129032,0.7258064516129032,True,True,True,True,1.0,True,0.29484029484029484,False,bar
q,q,3,3,1.3333333333333333,2.0,3,3,False,0,0.0,False,0,0.0,0.6,0.6,0.6666666666666666,0.816496580927726,2.25,0.5,2.5,0.5,0.5,0.6666666666666666,0.816496580927726,1.5,0.0,2.0,,,,,,,,,,,,,0,False,0.0,0.0,0,False,0.0,False,0.4999999999999999,0.6666666666666669,0.3333333333333333,1.0,False,False,0.9368883075390159,0.6365141682948128,,,,,-1.5,0.0,-1.5,0.0,0.6666666666666666,0.6666666666666666,0.6666666666666666,0.6666666666666666,True,True,True,False,0.6666666666666666,0.6666666666666666,0.6666666666666666,0.6666666666666666,True,True,True,False,0.9999999999999998,True,0.4999999999999999,False,bar
c,q,3,3,,0.47368421052631576,3,3,False,0,0.0,False,0,0.0,,,,,,,,0.8260869565217391,0.8695652173913043,14.0,3.7416573867739413,1.3571428571428572,14.0,23.0,8.333333333333334,8.0,7.0,10.0,1.247219128924647,3.0,,,,,,,0,False,0.0,0.0,0,False,0.0,False,0.0,0.0,0.0,0.0,False,False,,1.07852819674571,1.0986122886681096,,0.3333333333333333,,,,-1.5,-0.3818017741606063,,,,,,,,,0.6666666666666666,0.6666666666666666,0.6666666666666666,0.6666666666666666,True,True,True,False,,False,0.1428571428571429,False,bar
c,q,10,10,,1.5456726195902963,10,10,False,0,0.0,False,0,0.0,,,,,,,,0.4818248621708613,0.34426666400058487,18159521.041048996,4261.39895351855,0.00042461962419437115,4085.0,16003.51,8.0,8.0,3.0,12.0,2.449489742783178,10.0,,,,,,,0,False,0.0,0.0,0,False,0.0,False,0.0,0.0,0.0,0.0,False,False,,2.1646841241448307,2.3025850929940455,,0.1,,,,-0.85940004567719,0.9372286555800463,,,,,,,,,0.9,0.9,0.9,0.9,True,True,True,False,,False,0.6165826053193199,False,bar
c,q,10,10,,1.8321076178060323,10,10,False,0,0.0,False,0,0.0,,,,,,,,0.422261792196639,0.3148012198082513,9899161.511041,3146.293297046701,0.0005851128899694957,3105.11,13716.91,21.8,18.5,9.0,42.0,11.408768557561329,10.0,,,,,,,0,False,0.0,0.0,0,False,0.0,False,0.0,0.0,0.0,0.0,False,False,,2.1772930461879434,2.3025850929940455,,0.1,,,,1.2342826061092484,1.5115351816848155,,,,,,,,,0.9,0.9,0.9,0.9,True,True,True,False,,False,0.5661336380458404,False,bar
q,q,5,5,2.0930232558139537,1.3333333333333333,5,5,False,0,0.0,False,0,0.0,0.43,0.3,10.36,3.2186953878862163,0.41505791505791506,1.0,10.0,0.6,0.6,8.0,2.8284271247461903,0.75,2.0,10.0,,,,,,,,,,,,,0,False,0.0,0.0,2,True,0.4,False,-0.9446557666020556,0.015499006399908527,0.4,0.873015873015873,True,False,1.3432112298138026,1.4897503188505912,,,,,-0.7506559234358461,0.8194163844699225,-1.3,0.0,0.8,0.8,0.8,0.8,True,True,True,False,0.8,0.8,0.8,0.8,True,True,True,False,1.0,True,1.0,False,bar
q,q,5,5,1.8285714285714285,3.7481146304675717,5,5,False,0,0.0,False,0,0.0,0.5223880597014925,0.5223880597014925,2.0,1.4142135623730951,1.09375,0.1875,4.1875,0.2652,0.1,34939.03999999999,186.91987588268935,0.003795181550494805,3.0,500.0,,,,,,,,,,,,,0,False,0.0,0.0,0,False,0.0,False,0.44184745818268223,0.45630504077131856,0.8,0.07936507936507936,False,False,1.3595581316924767,0.78072083350825,,,,,-1.3,0.0,0.07618548294588434,1.3773167003703104,0.8,0.8,0.8,0.8,True,True,True,False,0.8,0.8,0.8,0.8,True,True,True,False,1.0,True,0.04467667113921844,False,bar
q,c,4,4,2.6596034508854247,,4,4,False,0,0.0,False,0,0.0,0.3753977272727273,0.25,780433546875.0,883421.5001204126,1.0582259095690543e-06,3500.0,2200000.0,,,,,,,,,,,,,,10.75,10.0,8.0,15.0,2.947456530637899,4.0,0,False,0.0,0.0,0,False,0.0,False,0.0,0.0,0.0,0.0,False,False,0.7455939214736408,,,1.3862943611198906,,0.25,-1.234502377616837,0.6023977283859738,,,0.75,0.75,0.75,0.75,True,True,True,False,,,,,,,,,0.8049622138111654,False,,True,bar
q,q,8,8,1.8260869565217392,1.2017167381974247,8,7,False,0,0.0,False,0,0.0,0.5227272727272727,0.5227272727272727,5.250000000000001,2.2912878474779204,0.7301587301587301,0.3333333333333333,7.333333333333334,0.5825,0.55,5.301875,2.3025800746119556,1.0986679240834611,3.0,10.0,,,,,,,,,,,,,0,False,0.0,0.0,0,False,0.0,False,0.07344754990177477,0.8627803123275506,0.375,0.6601398601398599,False,False,1.871294716193725,2.0014913293727297,,,,,-1.2380952380952384,2.9533930803824616e-16,-0.9391272299194089,0.39110394685646804,0.875,0.875,0.875,0.875,True,True,True,False,0.75,0.75,0.75,0.75,True,True,True,False,1.0,True,0.07438406224213132,False,bar
q,q,117,95,0.6940119227689296,-25.152457372116345,117,73,False,0,0.0,False,0,0.0,0.7583670715249663,0.7763157894736842,34809993.42537804,5899.999442828621,0.0010348302987949988,22500.0,47500.0,0.0,0.0,2141746.2590401047,1463.4706211742362,-0.0002625942517870065,-14146.0,0.0,,,,,,,,,,,,,0,False,0.0,0.0,0,False,0.0,False,0.08085946251202956,0.38612914521260683,1.0,1.3904099465859391e-69,False,True,4.748324390928718,,,,,,-0.618430752472825,-0.37807981460607176,61.10318423257071,-7.150279410578824,0.9829059829059829,0.9743589743589743,0.9829059829059829,0.9829059829059829,True,True,True,False,0.0,0.0,0.0,0.0,False,False,True,True,1.0,True,0.05250444679135573,False,bar
q,c,51,51,1.5808731819649877,,51,51,False,0,0.0,False,0,0.0,0.46343897206372153,0.43027369204989757,5533245.610918877,2352.28518911268,0.0013495500980703213,4308.0,16113.0,,,,,,,,,,,,,,8.352941176470589,8.0,4.0,14.0,2.6629154700180324,51.0,0,False,0.0,0.0,0,False,0.0,False,0.0,0.0,0.0,0.0,False,False,3.8858594834642637,,,3.9318256327243253,,0.0196078431372549,1.82705417508679,1.2180874491128084,,,0.9803921568627451,0.9411764705882353,0.9803921568627451,0.9803921568627451,True,True,True,True,,,,,,,,,0.9948938205377535,False,,False,bar
q,q,10,10,1.717161128287501,2.0,10,10,False,0,0.0,False,0,0.0,0.5445310335666789,0.6413324774003184,0.11023875309777623,0.3320222177773292,4.879493156978895,0.06416261873771312,0.9878394585725976,0.5,0.5,8.25,2.8722813232690143,0.5454545454545454,0.0,9.0,,,,,,,,,,,,,0,False,0.0,0.0,0,False,0.0,False,0.5490205706072786,0.10025056611394666,0.9,0.00021650176448938054,False,True,2.073759843349779,2.0498407203926647,,,,,-1.4780820260413579,-0.19487323720936495,-1.2242424242424244,0.0,0.9,0.9,0.9,0.9,True,True,True,False,0.9,0.9,0.9,0.9,True,True,True,False,0.5214684409540755,False,1.0,True,bar
q,q,3,3,0.0009915716410510659,0.3333333333333333,3,3,False,0,0.0,False,0,0.0,0.9995044598612488,0.9995044598612488,0.6666666666666666,0.816496580927726,3025.5,2016.0,2018.0,0.8571428571428571,0.8571428571428571,6666.666666666667,81.64965809277261,0.09,500.0,700.0,,,,,,,,,,,,,0,False,0.0,0.0,0,False,0.0,False,0.9999999999999998,1.3415758552508151e-08,1.0,0.09999999999999999,True,False,1.0986122067335797,1.0893096789558299,,,,,-1.5,0.0,-1.5000000000000002,0.0,0.6666666666666666,0.6666666666666666,0.6666666666666666,0.6666666666666666,True,True,True,False,0.6666666666666666,0.6666666666666666,0.6666666666666666,0.6666666666666666,True,True,True,False,0.9999999999999998,True,0.9999999999999998,True,bar
c,q,12,12,,0.75,12,10,False,0,0.0,False,0,0.0,,,,,,,,0.6933333333333332,0.66,12.555555555555557,3.5433819375782165,1.3805309734513271,12.0,25.0,3.0,3.0,3.0,3.0,0.0,12.0,,,,,,,0,False,0.0,0.0,0,False,0.0,False,0.0,0.0,0.0,0.0,False,False,,2.4645514868320575,2.484906649788001,,0.08333333333333333,,,,-0.3148249667162659,0.6235397614330225,,,,,,,,,0.9166666666666666,0.9166666666666666,0.9166666666666666,0.9166666666666666,True,True,True,False,,False,0.4336283185840708,False,bar
c,q,10,10,,2.590683746021945,10,10,False,0,0.0,False,0,0.0,,,,,,,,0.33397433660378356,0.18461550605565083,43811629.080869004,6619.035358786732,0.00018348527933443717,3244.12,24070.08,9.9,8.5,3.0,20.0,4.437341546466759,10.0,,,,,,,0,False,0.0,0.0,0,False,0.0,False,0.0,0.0,0.0,0.0,False,False,,2.027073218400353,2.3025850929940455,,0.1,,,,0.8216025036139807,1.4857255660668378,,,,,,,,,0.9,0.9,0.9,0.9,True,True,True,False,,False,0.47669897661579363,False,bar
c,q,10,10,,1.5458301065495927,10,10,False,0,0.0,False,0,0.0,,,,,,,,0.48180580130012873,0.34433997813197464,18086703344.776962,134486.81476180837,1.3456486146784942e-05,128918.99,505148.49,8.0,8.0,3.0,12.0,2.449489742783178,10.0,,,,,,,0,False,0.0,0.0,0,False,0.0,False,0.0,0.0,0.0,0.0,False,False,,2.16472117180773,2.3025850929940455,,0.1,,,,-0.859086382707642,0.9372842193299592,,,,,,,,,0.9,0.9,0.9,0.9,True,True,True,False,,False,0.6167478525505692,False,bar
d,q,3,3,,1.4,3,3,False,0,0.0,False,0,0.0,,,,,,,,0.5555555555555556,0.4444444444444444,8.666666666666666,2.943920288775949,0.576923076923077,2.0,9.0,19.0,19.0,19.0,19.0,0.0,3.0,,,,,,,0,False,0.0,0.0,0,False,0.0,False,0.0,0.0,0.0,0.0,False,False,,0.9276173343271816,1.0986122886681096,,0.3333333333333333,,,,-1.4999999999999998,0.47033046033698594,,,,,,,,,0.6666666666666666,0.6666666666666666,0.6666666666666666,0.6666666666666666,True,True,True,False,,,0.5000000000000001,False,bar
q,c,23,23,5.020783690759862,,22,23,False,0,0.0,False,0,0.0,0.19797153864297506,0.14647377938517178,147414.41965973534,383.9458551146702,0.002227969172668419,10.0,1659.0,,,,,,,,,,,,,,9.869565217391305,7.0,4.0,27.0,6.562769483169812,23.0,0,False,0.0,0.0,0,False,0.0,False,0.0,0.0,0.0,0.0,False,False,2.571681290302344,,,3.1354942159291497,,0.043478260869565216,4.04558044758958,1.9877308866273578,,,0.9565217391304348,0.9565217391304348,0.9565217391304348,0.9565217391304348,True,True,True,True,,,,,,,,,0.5625475717364732,False,,False,bar
q,q,10,10,-73.74471408802003,2.23,10,10,False,0,0.0,False,0,0.0,-0.02787661816515568,-0.027876618165155666,2.950989750566772,1.7178445070980004,-0.024734366317771855,-2.764335967318428,2.618354244337411,0.43478260869565216,0.3673913043478261,6294.4,79.33725480504098,0.015887137773258772,7.0,230.0,,,,,,,,,,,,,0,False,0.0,0.0,0,False,0.0,False,0.06099730634063874,0.8670637402375125,1.0,1.0825088224469026e-05,False,True,1.4066762413320257,1.9576906242120713,,,,,-1.2242424242424244,-2.1024705015316267e-16,-1.3625450069609406,0.3553078857038713,0.9,0.9,0.9,0.9,True,True,True,False,0.9,0.9,0.9,0.9,True,True,True,False,1.0,True,0.09570411794611083,False,bar
c,q,4,4,,0.8055367336679384,4,4,False,0,0.0,False,0,0.0,,,,,,,,0.6734725822953154,0.6181986166691709,0.031159870770983634,0.1765215872662141,17.83231789280491,0.3774575094314966,0.8250561874295401,1.0,1.0,1.0,1.0,0.0,4.0,,,,,,,0,False,0.0,0.0,0,False,0.0,False,0.0,0.0,0.0,0.0,False,False,,1.3373661278458355,1.3862943611198906,,0.25,,,,-1.2963826466061568,0.5224870085315962,,,,,,,,,0.75,0.75,0.75,0.75,True,True,True,False,,True,0.7121171858378947,False,bar
q,q,24,24,2.0,2.166682241968612,24,24,False,0,0.0,False,0,0.0,0.5,0.5,47.916666666666664,6.922186552431729,0.24000000000000002,0.0,23.0,0.3976006387755748,0.30165069727729815,137888354.58159724,11742.587218394303,0.00015197470250662794,7301.0,52705.0,,,,,,,,,,,,,0,False,0.0,0.0,0,False,0.0,False,0.3380418360636361,0.10617504211639331,1.0,6.202011224319715e-14,False,True,2.9622253154166778,3.040831156019043,,,,,-1.204173913043478,0.0,0.7390316036617133,1.3277414553436675,0.9583333333333334,0.9583333333333334,0.9583333333333334,0.9583333333333334,True,True,True,False,0.9583333333333334,0.9583333333333334,0.9583333333333334,0.9583333333333334,True,True,True,False,0.9999999999999999,True,0.6131066077923892,False,bar
q,q,23,23,0.4428662248425891,1.3723756906077336,23,19,False,0,0.0,False,0,0.0,0.8193961407167496,0.8192150667788196,2.8755992161902366,1.6957591857897267,4.405779092348624,9.850911974623315,15.461697065820776,0.5872809863724858,0.5223880597014929,1.1728477310097192,1.0829809467436253,2.0645516193219997,0.8000000000000007,4.123076923076923,,,,,,,,,,,,,0,False,0.0,0.0,0,False,0.0,False,0.7086739310689573,0.00015380283876291308,1.0,2.429121062858555e-13,True,True,3.1264863472999505,3.0343154977710425,,,,,-1.2151880733352713,-0.004104934560766326,-1.346835349483708,0.29652876546109436,0.9565217391304348,0.9565217391304348,0.9565217391304348,0.9565217391304348,True,True,True,False,0.9565217391304348,0.9565217391304348,0.9565217391304348,0.9565217391304348,True,True,True,False,1.0,True,0.693396974986877,False,bar
c,q,20,20,,5.696183350696089,20,20,False,0,0.0,False,0,0.0,,,,,,,,0.16394944413390472,0.10137569095087262,40955787.55,6399.670893881966,0.00012890730018448883,2129.0,32202.0,15.1,15.5,5.0,24.0,4.988987873306569,20.0,,,,,,,0,False,0.0,0.0,0,False,0.0,False,0.0,0.0,0.0,0.0,False,False,,2.5960618983841246,2.9957322735539904,,0.05,,,,12.68223708536464,3.6799921483084317,,,,,,,,,0.95,0.95,0.95,0.95,True,True,True,True,,False,0.223752521882588,False,bar
q,c,52,52,1.36505077322998,,52,52,False,0,0.0,False,0,0.0,0.5171403722540086,0.46223599632690543,1852984.0277366864,1361.2435593003504,0.0024313900474252446,2562.0,8712.0,,,,,,,,,,,,,,8.692307692307692,8.0,4.0,20.0,3.0225973391366923,52.0,0,False,0.0,0.0,0,False,0.0,False,0.0,0.0,0.0,0.0,False,False,3.9091201885872064,,,3.951243718581428,,0.019230769230769232,1.4729006051840585,1.2497619834875575,,,0.9807692307692307,0.9615384615384616,0.9807692307692307,0.9807692307692307,True,True,True,True,,,,,,,,,0.9665773614572053,False,,False,bar
d,q,24,24,,1.211726384364821,24,23,False,0,0.0,False,0,0.0,,,,,,,,0.6526360544217686,0.711734693877551,22.406597222222228,4.733560733974185,0.5708884102214438,4.1,19.6,19.0,19.0,19.0,19.0,0.0,24.0,,,,,,,0,False,0.0,0.0,0,False,0.0,False,0.0,0.0,0.0,0.0,False,False,,3.100555446409961,3.1780538303479453,,0.041666666666666664,,,,-0.9800691194771445,-0.5222478496446517,,,,,,,,,0.9583333333333334,0.9583333333333334,0.9583333333333334,0.9583333333333334,True,True,True,False,,,0.24498303141125966,False,bar
q,q,3,3,1.0,1.3333333333333333,3,3,False,0,0.0,False,0,0.0,0.6666666666666666,0.6666666666666666,0.6666666666666666,0.816496580927726,3.0,1.0,3.0,0.6,0.6,2.6666666666666665,1.632993161855452,1.125,1.0,5.0,,,,,,,,,,,,,0,False,0.0,0.0,2,True,0.6666666666666666,False,0.4999999999999999,0.6666666666666669,0.3333333333333333,1.0,False,False,1.0114042647073518,0.9368883075390159,,,,,-1.5,0.0,-1.5,0.0,0.6666666666666666,0.6666666666666666,0.6666666666666666,0.6666666666666666,True,True,True,False,0.6666666666666666,0.6666666666666666,0.6666666666666666,0.6666666666666666,True,True,True,False,0.9999999999999998,True,0.4999999999999999,False,bar
q,q,57,57,0.028169014084507043,1.899659559218778,57,55,False,0,0.0,False,0,0.0,0.9861111111111112,0.9861111111111112,270.6666666666667,16.451950239004088,7.344827586206896,1960.0,2016.0,0.46185038066865275,0.4693396226415094,6680.214835333948,81.73258123498822,0.029314111331828055,52.0,424.0,,,,,,,,,,,,,0,False,0.0,0.0,0,False,0.0,False,0.4602740583395839,0.0003152226905089755,1.0,1.2914429985198208e-33,True,True,4.043017024114461,3.954727496470361,,,,,-1.200738916256158,0.0,0.390150446515261,0.5440873213304461,0.9824561403508771,0.9649122807017544,0.9824561403508771,0.9824561403508771,True,True,True,False,0.9824561403508771,0.9649122807017544,0.9824561403508771,0.9824561403508771,True,True,True,False,0.9999999999999999,True,0.374697072219531,False,bar
c,q,207,207,,23.76047824251282,207,178,False,0,0.0,False,0,0.0,,,,,,,,0.04208654481507523,0.0029860969892864407,1043802959.1547059,32307.93956838947,1.1301765646146556e-05,1.0,280299.0,17.17874396135266,17.0,3.0,39.0,7.696660444455514,207.0,,,,,,,0,False,0.0,0.0,0,False,0.0,False,0.0,0.0,0.0,0.0,False,False,,3.7248871180935708,5.33271879326537,,0.004830917874396135,,,,29.437264118529598,4.907834596932484,,,,,,,,,0.966183574879227,0.966183574879227,0.966183574879227,0.966183574879227,True,True,True,True,,False,0.13294847548880168,False,bar
c,q,10,10,,2.5917833836109296,10,10,False,0,0.0,False,0,0.0,,,,,,,,0.33398548534327704,0.1845325405066423,44968696412.389786,212058.2382563568,5.726892139329284e-06,103619.79,771084.03,9.9,8.5,3.0,20.0,4.437341546466759,10.0,,,,,,,0,False,0.0,0.0,0,False,0.0,False,0.0,0.0,0.0,0.0,False,False,,2.0268790951609743,2.3025850929940455,,0.1,,,,0.818321711246897,1.4834921107134336,,,,,,,,,0.9,0.9,0.9,0.9,True,True,True,False,,False,0.4780606742512177,False,bar
d,q,20,20,,2.6256231700561843,20,19,False,0,0.0,False,0,0.0,,,,,,,,0.36313218390804597,0.29224137931034483,212387.52750000003,460.85521316352714,0.002974986372493083,81.0,1740.0,19.0,19.0,19.0,19.0,0.0,20.0,,,,,,,0,False,0.0,0.0,0,False,0.0,False,0.0,0.0,0.0,0.0,False,False,,2.7410325164281826,2.9957322735539904,,0.05,,,,0.1597019967807678,0.9807991402447355,,,,,,,,,0.9,0.9,0.9,0.9,True,True,True,False,,,0.9868219662757738,False,bar
q,q,10,10,2.0,1.717161128287501,10,10,False,0,0.0,False,0,0.0,0.5,0.5,8.25,2.8722813232690143,0.5454545454545454,0.0,9.0,0.5445310335666789,0.6413324774003184,0.11023875309777623,0.3320222177773292,4.879493156978895,0.06416261873771312,0.9878394585725976,,,,,,,,,,,,,0,False,0.0,0.0,0,False,0.0,False,0.5490205706072786,0.10025056611394666,0.9,0.00021650176448938054,False,True,2.0498407203926647,2.073759843349779,,,,,-1.2242424242424244,0.0,-1.4780820260413579,-0.19487323720936495,0.9,0.9,0.9,0.9,True,True,True,False,0.9,0.9,0.9,0.9,True,True,True,False,1.0,True,0.5214684409540755,False,bar
c,q,5,5,,0.5288461538461539,5,5,False,0,0.0,False,0,0.0,,,,,,,,0.8320000000000001,0.88,14.16,3.7629775444453557,1.4689265536723164,14.0,25.0,9.0,9.0,9.0,9.0,0.0,5.0,,,,,,,0,False,0.0,0.0,0,False,0.0,False,0.0,0.0,0.0,0.0,False,False,,1.5919616236831817,1.6094379124341005,,0.2,,,,-0.531025567365699,-0.8575971038762761,,,,,,,,,0.8,0.8,0.8,0.8,True,True,True,False,,True,0.3926553672316384,False,bar
q,c,50,50,1.4635178276087544,,50,50,False,0,0.0,False,0,0.0,0.4901874934534408,0.4467895674033728,2198459.2276,1482.7202121776043,0.00212868173366528,2698.0,9547.0,,,,,,,,,,,,,,8.38,8.0,4.0,14.0,2.6824615561084935,50.0,0,False,0.0,0.0,0,False,0.0,False,0.0,0.0,0.0,0.0,False,False,3.8664168995488004,,,3.9120230054281455,,0.02,2.212341485653896,1.4277939458698863,,,0.98,0.96,0.98,0.98,True,True,True,True,,,,,,,,,0.9741339028324493,False,,False,bar
c,q,10,10,,1.831645429566278,10,10,False,0,0.0,False,0,0.0,,,,,,,,0.4224330334294595,0.3150150141407285,9855604691.325804,99275.39821791602,1.855013768570766e-05,97918.75,432785.34,21.8,18.5,9.0,42.0,11.408768557561329,10.0,,,,,,,0,False,0.0,0.0,0,False,0.0,False,0.0,0.0,0.0,0.0,False,False,,2.1773496227960187,2.3025850929940455,,0.1,,,,1.2292902761936926,1.5099817287539055,,,,,,,,,0.9,0.9,0.9,0.9,True,True,True,False,,False,0.5669335444688267,False,bar
c,q,7,7,,2.293103448275862,7,4,False,0,0.0,False,0,0.0,,,,,,,,0.4360902255639098,0.6491228070175439,50155.10204081633,223.95334791160485,0.0049560546875,0.0,570.0,14.714285714285714,16.0,5.0,19.0,4.333071682315172,7.0,,,,,,,0,False,0.0,0.0,0,False,0.0,False,0.0,0.0,0.0,0.0,False,False,,1.3694377545187522,1.945910149055314,,0.14285714285714285,,,,-1.6571581959724426,-0.042152620231572714,,,,,,,,,0.5714285714285714,0.5714285714285714,0.5714285714285714,0.5714285714285714,True,True,True,False,,False,0.2118733723958333,False,bar
q,q,5,5,0.5,2.0,5,5,False,0,0.0,False,0,0.0,0.8,0.8,2.0,1.4142135623730951,4.0,6.0,10.0,0.5,0.5,2.0,1.4142135623730951,1.0,0.0,4.0,,,,,,,,,,,,,0,False,0.0,0.0,0,False,0.0,False,1.0,0.0,1.0,0.007936507936507936,True,True,1.5936711461599202,1.2798542258336676,,,,,-1.3,0.0,-1.3,0.0,0.8,0.8,0.8,0.8,True,True,True,False,0.8,0.8,0.8,0.8,True,True,True,False,1.0,True,1.0,True,bar
c,q,5,5,,3.3603351955307263,5,5,False,0,0.0,False,0,0.0,,,,,,,,0.2953795379537954,0.18976897689768976,191594.0,437.71451883619306,0.0018685345052559057,9.0,1212.0,5.8,5.0,4.0,9.0,1.9390719429665317,5.0,,,,,,,0,False,0.0,0.0,0,False,0.0,False,0.0,0.0,0.0,0.0,False,False,,0.9666184014885064,1.6094379124341005,,0.2,,,,0.017609641319919156,1.3208640747433726,,,,,,,,,0.8,0.8,0.8,0.8,True,True,True,False,,False,0.9984926459074918,False,bar
q,q,24,24,2.0,9.123964954134955,24,24,False,0,0.0,False,0,0.0,0.5,0.5,47.916666666666664,6.922186552431729,0.24000000000000002,0.0,23.0,0.10855207515689583,0.0689598706346672,367387189637.743,606124.731089025,9.391810413247077e-07,30434.0,3178595.0,,,,,,,,,,,,,0,False,0.0,0.0,0,False,0.0,False,-0.27127566022949134,0.19976066049355606,1.0,6.202011224319715e-14,False,True,2.9622253154166778,2.4654758941050554,,,,,-1.204173913043478,0.0,16.917438466600846,4.220205756441332,0.9583333333333334,0.9583333333333334,0.9583333333333334,0.9583333333333334,True,True,True,False,0.9583333333333334,0.9583333333333334,0.9583333333333334,0.9583333333333334,True,True,True,True,0.9999999999999999,True,0.11901442277819778,False,bar
q,q,99,99,-2.2067638174115434e+17,9.405,99,20,False,0,0.0,False,0,0.0,-9.063045098980869e-18,0.0,33.32993231983131,5.77320814797382,-2.6917243943973185e-18,-9.8989898989899,9.8989898989899,0.10632642211589581,0.0,77.00846852362002,8.775446913042094,0.05246700938046533,0.0,38.0,,,,,,,,,,,,,1,True,0.010101010101010102,0.010101010101010102,1,True,0.010101010101010102,False,0.24175147824844803,0.015921015609895228,0.494949494949495,2.2405082590497952e-11,True,True,3.70840800983666,3.0016501148480517,,,,,-1.2002448979591835,-5.967924828828105e-17,4.360782183079855,2.30373583632856,0.9797979797979798,0.9696969696969697,0.9797979797979798,0.9797979797979798,True,True,True,False,0.2828282828282828,0.2828282828282828,0.2828282828282828,0.2828282828282828,True,True,True,True,1.0,True,0.20451136785203244,False,bar
q,q,7,7,1.5,1.6975476839237054,7,7,False,0,0.0,False,0,0.0,0.5714285714285714,0.5714285714285714,4.0,2.0,1.0,1.0,7.0,0.5461309523809524,0.5729166666666666,0.000718530612244898,0.0268054213219061,72.96637127925472,0.007,0.096,,,,,,,,,,,,,0,False,0.0,0.0,0,False,0.0,False,-0.5702471191237124,0.18131217083235676,1.0,0.0005827505827505828,False,True,1.809117864013425,1.790702320694121,,,,,-1.25,0.0,-0.6676542632917748,-0.14678680127906474,0.8571428571428571,0.8571428571428571,0.8571428571428571,0.8571428571428571,True,True,True,False,0.8571428571428571,0.8571428571428571,0.8571428571428571,0.8571428571428571,True,True,True,False,1.0,True,0.4933253805953193,False,bar
c,q,240,240,,25.726468457924458,240,223,False,0,0.0,False,0,0.0,,,,,,,,0.03887042930501967,0.0021083166699524037,9249381814.396595,96173.70646074007,3.730444804389806e-06,1.0,887675.0,17.154166666666665,17.0,3.0,41.0,7.72423022953672,240.0,,,,,,,0,False,0.0,0.0,0,False,0.0,False,0.0,0.0,0.0,0.0,False,False,,3.8425347519470865,5.48063892334199,,0.004166666666666667,,,,31.65668804723709,5.023335194876721,,,,,,,,,0.9583333333333334,0.9583333333333334,0.9583333333333334,0.9583333333333334,True,True,True,True,,False,0.128368274337571,False,bar
q,q,3,3,2.0,0.5342465753424658,3,3,False,0,0.0,False,0,0.0,0.5,0.5,0.6666666666666666,0.816496580927726,1.5,0.0,2.0,0.8111111111111111,0.8666666666666667,29.555555555555554,5.436502143433363,0.8233082706766918,17.0,30.0,,,,,,,,,,,,,0,False,0.0,0.0,0,False,0.0,False,0.3003757045930553,0.8057758866359961,1.0,0.09999999999999999,False,False,0.6365141682948128,1.0724997385815573,,,,,-1.5,0.0,-1.5000000000000004,-0.4310415657281521,0.6666666666666666,0.6666666666666666,0.6666666666666666,0.6666666666666666,True,True,True,False,0.6666666666666666,0.6666666666666666,0.6666666666666666,0.6666666666666666,True,True,True,False,0.9999999999999998,True,0.08646616541353386,False,bar
c,q,21,21,,1.5110132158590308,21,18,False,0,0.0,False,0,0.0,,,,,,,,0.5591133004926109,0.5344827586206896,190.34013605442178,13.796381266637342,0.17037169406719085,9.0,58.0,6.428571428571429,7.0,3.0,10.0,2.1728065802952066,21.0,,,,,,,0,False,0.0,0.0,0,False,0.0,False,0.0,0.0,0.0,0.0,False,False,,2.9506085305881355,3.0445224377234217,,0.047619047619047616,,,,-0.8738530483072511,0.22779782629150536,,,,,,,,,0.9523809523809523,0.9523809523809523,0.9523809523809523,0.9523809523809523,True,True,True,False,,False,0.9849177984274481,False,bar
